id	scope	positive	negative	expected
AUTH-01	login	ACTIVE + правильный пароль	неверный пароль/неизвестный login/BLOCKED	200 JWT / одинаковый 401 INVALID_CREDENTIALS
AUTH-02	все защищённые операции permissions	активная разрешённая роль	нет/повреждённый JWT/неверная подпись/alg=none/неверный alg	401 AUTHENTICATION_REQUIRED, WWW-Authenticate Bearer
AUTH-03	JWT validators	валидные claims и срок	exp старше допуска 30s/будущий iat/nbf/неверные iss,aud/отсутствующий claim/неверный тип/неизвестная роль	401 до бизнес-кода
AUTH-04	новый внешний допуск после block/roles	новый токен после смены ролей	старый внешний JWT; внешний JWT напрямую в бизнес-сервис	401; ранее выданный внутренний JWT живёт до exp, новая команда снаружи не допускается
AUTH-05	недоступность Identity	ранее допущенный внутренний JWT и последующее восстановление	Identity down на новом внешнем допуске	новый допуск 503; внутренний вызов без нового validate проходит в срок JWT
AUTH-06	все операции permissions с JWT	каждая разрешённая одиночная роль	каждая запрещённая одиночная роль	200/201/204 либо штатная бизнес-ошибка для разрешённой; 403 для запрещённой
TENANT-01	OR orders/organizations/points	свои ID	чужие/несуществующие ID и чужой organizationId фильтр	одинаковый 404; БД неизменна
TENANT-02	страницы и total	своя непустая/пустая страница	в БД много чужих заказов/организаций	фильтр до limit/count, total не раскрывает чужие записи
TENANT-03	создание заказа	OR без organizationId или с совпадающим; CM с явным	OR с чужим organizationId/чужой deliveryPoint; CM без organizationId	201 / 404 / 400 соответственно
TENANT-04	совмещение ролей	CM+KM без OR; OR+CM своей организации	OR+CM или OR+KM с чужим объектом	роль объединяет операции, но чужой объект всегда 404
TENANT-05	чтение кухни	KM читает SUBMITTED/CONFIRMED/IN_COOKING/READY и завершённые	KM без CM/OR читает DRAFT или фильтрует DRAFT	404 по ID, пустой разрешённый список; чужие OR-заказы скрыты
USER-01	создание пользователей	SUPERVISOR создаёт пользователя	CM/KM/OR создают пользователя	201 Location / 403; уникальный нормализованный login, дубликат 409
USER-02	пароли	BCrypt matches исходный пароль	response/log/toString с password/hash/token	исходный пароль отсутствует в БД; секреты не появляются в DTO/логах
USER-03	привязка представителя	существующая активная организация	нет ID/чужая область supervisor+OR/неактивная/Order down	400/404/422/503; нет частичной записи пользователя
USER-04	назначение ролей	смена ролей; повтор без изменения; вернуть OR со старой привязкой	пустые/неизвестные роли; добавить OR без привязки	400 либо 422 ORGANIZATION_REQUIRED; старые JWT отозваны после реального изменения
USER-05	bootstrap	пустая БД и секреты env	повторный старт/BLOCKED supervisor/нет env на пустой БД	один первоначальный пользователь; нет reset/re-enable; ошибка старта без утечки секрета
INTERNAL-01	все internal маршруты	прямой вызов с нужным внутренним JWT и областью	через Gateway с любым JWT; прямой без JWT/с внешним JWT/неправильная роль	Gateway 404; сервис 401/403; чужой объект 404
INTERNAL-02	поддельные заголовки	валидный Bearer своего пользователя	X-User-Id/X-Roles/X-Organization-Id вместо JWT или вместе с JWT другого пользователя	без JWT 401; identity определяется исключительно проверенным JWT
INTERNAL-03	Feign и fallback	Order-Catalog и Kitchen-Order с JWT и trace	dependency 401/403/404 либо network down	401/403/404 сохраняются, не открывают circuit; сеть 503; нет частичной записи
INTERNAL-04	exchange и organization lookup	внешний JWT + credential Gateway; supervisor lookup с внутренним JWT	нет/неверный credential; переобмен внутреннего JWT; lookup другой ролью	403/401/403; нет подмены sub/roles и произвольного доступа к БД
REACTOR-01	два параллельных пользователя	параллельные запросы разных организаций	утечка JWT/actor между потоками	изоляция Reactor Context; JPA/Feign/BCrypt вне event loop
AUDIT-01	история и квитанции	команда от представителя/CM/KM, в том числе через Kitchen	подставной changedBy; повтор команды новым/заблокированным/чужим субъектом	автор из sub, 5 переходов и 3 квитанции; повтор снова авторизуется
TECH-01	allowlist	анонимный login и три health URL	анонимный Swagger/info/business; actuator/env	health без деталей; защищённые 401; env не экспонируется
TECH-02	ошибки security	валидная структура ApiError и X-Trace-Id	ошибка до controller/в чужом сервисе	единый JSON, без токена/пароля; 401 содержит WWW-Authenticate Bearer
E2E-01	полный прежний сценарий	supervisor создаёт CM/KM/двух OR; меню, заказ, кухня, выдача	второй OR читает/меняет чужой заказ	COMPLETED, снимки и суммы прежние; чужой 404; авторы истории заполнены
EXCHANGE-01	цепочка Gateway-Kitchen-Order	один обмен на внешний запрос, два вызова Order с тем же внутренним JWT	повторная state-check или потеря Bearer в Feign	одна логическая проверка пользователя; ноль validate на downstream
EXCHANGE-02	разделение профилей	правильные RS256/typ/aud/issuer	неверный профиль, подпись, claims, длительность, expired, поддельные заголовки	401; нет доступа только по наличию заголовка
EXCHANGE-03	срок и секреты	exp не позже внешнего exp; закрытый ключ только Identity	продление на hop; ключ или токен в логах/ответах клиенту	нет продления/утечек; тесты параллельных пользователей изолированы
