service	method	path	status	roles	object_rule	authentication	exposure
catalog-service	DELETE	/api/v1/categories/{id}	existing	KITCHEN_MANAGER	Общий каталог; прежние инварианты и expectedVersion	Internal JWT (local); Identity state at external admission	gateway
catalog-service	DELETE	/api/v1/dishes/{id}	existing	KITCHEN_MANAGER	Общий каталог; прежние инварианты и expectedVersion	Internal JWT (local); Identity state at external admission	gateway
catalog-service	GET	/api/v1/categories	existing	SUPERVISOR|ORGANIZATION_REPRESENTATIVE|CLIENT_MANAGER|KITCHEN_MANAGER	Общий каталог	Internal JWT (local); Identity state at external admission	gateway
catalog-service	GET	/api/v1/dishes	existing	SUPERVISOR|ORGANIZATION_REPRESENTATIVE|CLIENT_MANAGER|KITCHEN_MANAGER	Общий каталог	Internal JWT (local); Identity state at external admission	gateway
catalog-service	GET	/api/v1/dishes/{id}	existing	SUPERVISOR|ORGANIZATION_REPRESENTATIVE|CLIENT_MANAGER|KITCHEN_MANAGER	Общий каталог	Internal JWT (local); Identity state at external admission	gateway
catalog-service	POST	/api/v1/categories	existing	KITCHEN_MANAGER	Общий каталог; прежние инварианты и expectedVersion	Internal JWT (local); Identity state at external admission	gateway
catalog-service	POST	/api/v1/dishes	existing	KITCHEN_MANAGER	Общий каталог; прежние инварианты и expectedVersion	Internal JWT (local); Identity state at external admission	gateway
catalog-service	POST	/internal/v1/dishes/snapshots	existing	ORGANIZATION_REPRESENTATIVE|CLIENT_MANAGER	Активные snapshots для replaceLines/submit; доступ к самому заказу проверяет Order	Internal JWT (local); Identity state at external admission	compose-network
catalog-service	PUT	/api/v1/categories/{id}	existing	KITCHEN_MANAGER	Общий каталог; прежние инварианты и expectedVersion	Internal JWT (local); Identity state at external admission	gateway
catalog-service	PUT	/api/v1/dishes/{id}	existing	KITCHEN_MANAGER	Общий каталог; прежние инварианты и expectedVersion	Internal JWT (local); Identity state at external admission	gateway
kitchen-service	GET	/internal/v1/kitchen/tasks	existing	KITCHEN_MANAGER	Заказ/очередь приготовления; при совмещении OR только своя организация; повторная проверка в Order	Internal JWT (local); Identity state at external admission	compose-network
kitchen-service	POST	/api/v1/orders/{id}/complete	existing	KITCHEN_MANAGER	Заказ/очередь приготовления; при совмещении OR только своя организация; повторная проверка в Order	Internal JWT (local); Identity state at external admission	gateway
kitchen-service	POST	/api/v1/orders/{id}/mark-ready	existing	KITCHEN_MANAGER	Заказ/очередь приготовления; при совмещении OR только своя организация; повторная проверка в Order	Internal JWT (local); Identity state at external admission	gateway
kitchen-service	POST	/api/v1/orders/{id}/start-cooking	existing	KITCHEN_MANAGER	Заказ/очередь приготовления; при совмещении OR только своя организация; повторная проверка в Order	Internal JWT (local); Identity state at external admission	gateway
order-service	DELETE	/api/v1/delivery-points/{id}	existing	CLIENT_MANAGER	При наличии OR только своя организация и её точки, иначе все организации; чужой ID/фильтр 404	Internal JWT (local); Identity state at external admission	gateway
order-service	DELETE	/api/v1/orders/{id}	existing	ORGANIZATION_REPRESENTATIVE|CLIENT_MANAGER	OR: организация из identity; CM: явный organizationId; принадлежность точки; прежние статусы/версия/причины	Internal JWT (local); Identity state at external admission	gateway
order-service	DELETE	/api/v1/organizations/{id}	existing	CLIENT_MANAGER	При наличии OR только своя организация и её точки, иначе все организации; чужой ID/фильтр 404	Internal JWT (local); Identity state at external admission	gateway
order-service	GET	/api/v1/orders	existing	ORGANIZATION_REPRESENTATIVE|CLIENT_MANAGER|KITCHEN_MANAGER	OR: свои; CM: все; только KM: кроме DRAFT; объединение чтения ролей, затем общий OR-фильтр; total после ограничения	Internal JWT (local); Identity state at external admission	gateway
order-service	GET	/api/v1/orders/{id}	existing	ORGANIZATION_REPRESENTATIVE|CLIENT_MANAGER|KITCHEN_MANAGER	OR: свои; CM: все; только KM: кроме DRAFT; объединение чтения ролей, затем общий OR-фильтр; total после ограничения	Internal JWT (local); Identity state at external admission	gateway
order-service	GET	/api/v1/orders/{id}/history	existing	ORGANIZATION_REPRESENTATIVE|CLIENT_MANAGER|KITCHEN_MANAGER	OR: свои; CM: все; только KM: кроме DRAFT; объединение чтения ролей, затем общий OR-фильтр; total после ограничения	Internal JWT (local); Identity state at external admission	gateway
order-service	GET	/api/v1/organizations	existing	ORGANIZATION_REPRESENTATIVE|CLIENT_MANAGER	При наличии OR только своя организация и её точки, иначе все организации; чужой ID/фильтр 404	Internal JWT (local); Identity state at external admission	gateway
order-service	GET	/api/v1/organizations/{id}	existing	ORGANIZATION_REPRESENTATIVE|CLIENT_MANAGER	При наличии OR только своя организация и её точки, иначе все организации; чужой ID/фильтр 404	Internal JWT (local); Identity state at external admission	gateway
order-service	GET	/api/v1/organizations/{organizationId}/delivery-points	existing	ORGANIZATION_REPRESENTATIVE|CLIENT_MANAGER	При наличии OR только своя организация и её точки, иначе все организации; чужой ID/фильтр 404	Internal JWT (local); Identity state at external admission	gateway
order-service	GET	/internal/v1/orders/kitchen	existing	KITCHEN_MANAGER	Как публичная операция для KM; только недрафтовые заказы; OR ограничивает организацию; состояния пачки проверяются все до ответа	Internal JWT (local); Identity state at external admission	compose-network
order-service	GET	/internal/v1/orders/{id}	existing	KITCHEN_MANAGER	Как публичная операция для KM; только недрафтовые заказы; OR ограничивает организацию; состояния пачки проверяются все до ответа	Internal JWT (local); Identity state at external admission	compose-network
order-service	POST	/api/v1/orders	existing	ORGANIZATION_REPRESENTATIVE|CLIENT_MANAGER	OR: организация из identity; CM: явный organizationId; принадлежность точки; прежние статусы/версия/причины	Internal JWT (local); Identity state at external admission	gateway
order-service	POST	/api/v1/orders/{id}/cancel	existing	ORGANIZATION_REPRESENTATIVE|CLIENT_MANAGER	OR: организация из identity; CM: явный organizationId; принадлежность точки; прежние статусы/версия/причины	Internal JWT (local); Identity state at external admission	gateway
order-service	POST	/api/v1/orders/{id}/confirm	existing	KITCHEN_MANAGER	Только SUBMITTED по бизнес-правилу; при наличии OR своя организация	Internal JWT (local); Identity state at external admission	gateway
order-service	POST	/api/v1/orders/{id}/reject	existing	KITCHEN_MANAGER	Только SUBMITTED по бизнес-правилу; при наличии OR своя организация	Internal JWT (local); Identity state at external admission	gateway
order-service	POST	/api/v1/orders/{id}/submit	existing	ORGANIZATION_REPRESENTATIVE|CLIENT_MANAGER	OR: организация из identity; CM: явный organizationId; принадлежность точки; прежние статусы/версия/причины	Internal JWT (local); Identity state at external admission	gateway
order-service	POST	/api/v1/organizations	existing	CLIENT_MANAGER	При наличии OR только своя организация и её точки, иначе все организации; чужой ID/фильтр 404	Internal JWT (local); Identity state at external admission	gateway
order-service	POST	/api/v1/organizations/{organizationId}/delivery-points	existing	CLIENT_MANAGER	При наличии OR только своя организация и её точки, иначе все организации; чужой ID/фильтр 404	Internal JWT (local); Identity state at external admission	gateway
order-service	POST	/internal/v1/orders/states	existing	KITCHEN_MANAGER	Как публичная операция для KM; только недрафтовые заказы; OR ограничивает организацию; состояния пачки проверяются все до ответа	Internal JWT (local); Identity state at external admission	compose-network
order-service	POST	/internal/v1/orders/{id}/kitchen-commands	existing	KITCHEN_MANAGER	Как публичная операция для KM; только недрафтовые заказы; OR ограничивает организацию; состояния пачки проверяются все до ответа	Internal JWT (local); Identity state at external admission	compose-network
order-service	PUT	/api/v1/delivery-points/{id}	existing	CLIENT_MANAGER	При наличии OR только своя организация и её точки, иначе все организации; чужой ID/фильтр 404	Internal JWT (local); Identity state at external admission	gateway
order-service	PUT	/api/v1/orders/{id}/details	existing	ORGANIZATION_REPRESENTATIVE|CLIENT_MANAGER	OR: организация из identity; CM: явный organizationId; принадлежность точки; прежние статусы/версия/причины	Internal JWT (local); Identity state at external admission	gateway
order-service	PUT	/api/v1/orders/{id}/lines	existing	ORGANIZATION_REPRESENTATIVE|CLIENT_MANAGER	OR: организация из identity; CM: явный organizationId; принадлежность точки; прежние статусы/версия/причины	Internal JWT (local); Identity state at external admission	gateway
order-service	PUT	/api/v1/organizations/{id}	existing	CLIENT_MANAGER	При наличии OR только своя организация и её точки, иначе все организации; чужой ID/фильтр 404	Internal JWT (local); Identity state at external admission	gateway
identity-service	POST	/api/v1/auth/login	planned	ANONYMOUS	Только активный пользователь с верным паролем	Password	gateway
identity-service	POST	/api/v1/users	planned	SUPERVISOR	Привязка представителя через проверку Order	JWT + local Identity DB	gateway
identity-service	GET	/api/v1/users/{id}	planned	SUPERVISOR	Любой пользователь; без password/hash	JWT + local Identity DB	gateway
identity-service	GET	/api/v1/users	planned	SUPERVISOR	Страница 1..50, без password/hash	JWT + local Identity DB	gateway
identity-service	PUT	/api/v1/users/{id}/roles	planned	SUPERVISOR	Допустимые роли и существующая привязка; отзыв предыдущих JWT	JWT + local Identity DB	gateway
identity-service	POST	/api/v1/users/{id}/block	planned	SUPERVISOR	Идемпотентная блокировка, отзыв JWT	JWT + local Identity DB	gateway
identity-service	GET	/api/v1/me	planned	SUPERVISOR|ORGANIZATION_REPRESENTATIVE|CLIENT_MANAGER|KITCHEN_MANAGER	Только текущий пользователь	JWT + local Identity DB	gateway
order-service	GET	/internal/v1/organizations/{id}	planned	SUPERVISOR	Только id/active для проверки представителя; OR сохраняет границу организации	Internal JWT (local); Identity state at external admission	compose-network
identity-service	POST	/internal/v1/auth/exchange	planned	ACTIVE_USER + GATEWAY_CREDENTIAL	Только субъект внешнего JWT, без переобмена внутреннего	External JWT + local Identity DB	compose-network
